<?xml version="1.0" encoding="UTF-8"?>
<beans xmlns="http://www.springframework.org/schema/beans"
	xmlns:xsi="http://www.w3.org/2001/XMLSchema-instance" xmlns:context="http://www.springframework.org/schema/context"
	xmlns:mvc="http://www.springframework.org/schema/mvc"
	xsi:schemaLocation="http://www.springframework.org/schema/beans   
    http://www.springframework.org/schema/beans/spring-beans.xsd  
    http://www.springframework.org/schema/context  
    http://www.springframework.org/schema/context/spring-context-3.2.xsd  
    http://www.springframework.org/schema/mvc  
    http://www.springframework.org/schema/mvc/spring-mvc-3.2.xsd">

	<!-- 解决Spring MVC @ResponseBody返回中文字符串乱码问题 ,需要设置在扫描之前-->
	<mvc:annotation-driven>
		<mvc:message-converters register-defaults="true">
			<bean class="org.springframework.http.converter.StringHttpMessageConverter">
				<property name="supportedMediaTypes" value="text/plain;charset=UTF-8" />
			</bean>
		</mvc:message-converters>
	</mvc:annotation-driven>

	<!-- 注解扫描包 -->
	<context:component-scan base-package="com.sh" />

	<!-- 开启注解 -->
	<mvc:annotation-driven />

	<!-- 静态资源(js/image)的访问 -->
	<mvc:resources location="/static/" mapping="/static/**" />

	<!-- 静态资源访问，方案2 -->
	<!-- <mvc:default-servlet-handler/> -->

	<!-- 自定义拦截器 -->
	<!-- <mvc:interceptors> <mvc:interceptor> <mvc:mapping path="/**"/> <bean 
		id="loginInterceptor" class="net..web.interceptor.LoginInterceptor"/> </mvc:interceptor> 
		</mvc:interceptors> -->


	<!-- 定义视图解析器,视图解释类 -->
	<bean id="viewResolver"
		class="org.springframework.web.servlet.view.InternalResourceViewResolver">
		<property name="prefix" value="/"></property>
		<!--可为空,方便实现自已的依据扩展名来选择视图解释类的逻辑 -->
		<property name="suffix" value=".jsp"></property>
	</bean>


	

	<!-- 支持json返回 -->
	<!-- <bean class="org.springframework.web.servlet.mvc.annotation.AnnotationMethodHandlerAdapter"> 
		<property name="messageConverters"> <list> <ref bean="mappingJacksonHttpMessageConverter" 
		/> </list> </property> </bean> <bean id="mappingJacksonHttpMessageConverter" 
		class="org.springframework.http.converter.json.MappingJacksonHttpMessageConverter"> 
		<property name="supportedMediaTypes"> <list> <value>application/json;charset=UTF-8</value> 
		</list> </property> </bean> -->

	<!-- 上传文件bean -->
	<!-- <bean id="multipartResolver" class="org.springframework.web.multipart.commons.CommonsMultipartResolver"> 
		<property name="defaultEncoding" value="utf-8" /> <property name="maxUploadSize" 
		value="10485760000" /> <property name="maxInMemorySize" value="40960" /> 
		</bean> -->
</beans> 